STRUCTURE,STRUCTURE_ID,STRUCTURE_NAME,ACTION,REF_AREA,Reference area,MEASURE,Measure,UNIT_MEASURE,Unit of measure,TRANSFORMATION,Transformation,ADJUSTMENT,Adjustment,SEX,Sex,AGE,Age,ACTIVITY,Economic activity,FREQ,Frequency of observation,TIME_PERIOD,Time period,OBS_VALUE,Observation value,BASE_PER,Base period,OBS_STATUS,Observation status,UNIT_MULT,Unit multiplier,DECIMALS,Decimals
DATAFLOW,OECD.SDD.TPS:DSD_LFS@DF_IALFS_UNE_M(1.0),Monthly unemployment rates,I,ESP,Spain,UNE_LF_M,Monthly unemployment rate,PT_LF_SUB,Percentage of labour force in the same subgroup,_Z,Not applicable,Y,Calendar and seasonally adjusted,_T,Total,Y_GE15,15 years or over,_Z,Not applicable,A,Annual,2000,,11.91667,,,,A,Normal value,0,Units,1,One
DATAFLOW,OECD.SDD.TPS:DSD_LFS@DF_IALFS_UNE_M(1.0),Monthly unemployment rates,I,ESP,Spain,UNE_LF_M,Monthly unemployment rate,PT_LF_SUB,Percentage of labour force in the same subgroup,_Z,Not applicable,Y,Calendar and seasonally adjusted,_T,Total,Y_GE15,15 years or over,_Z,Not applicable,A,Annual,2001,,10.55833,,,,A,Normal value,0,Units,1,One
DATAFLOW,OECD.SDD.TPS:DSD_LFS@DF_IALFS_UNE_M(1.0),Monthly unemployment rates,I,ESP,Spain,UNE_LF_M,Monthly unemployment rate,PT_LF_SUB,Percentage of labour force in the same subgroup,_Z,Not applicable,Y,Calendar and seasonally adjusted,_T,Total,Y_GE15,15 years or over,_Z,Not applicable,A,Annual,2002,,11.44167,,,,A,Normal value,0,Units,1,One
DATAFLOW,OECD.SDD.TPS:DSD_LFS@DF_IALFS_UNE_M(1.0),Monthly unemployment rates,I,ESP,Spain,UNE_LF_M,Monthly unemployment rate,PT_LF_SUB,Percentage of labour force in the same subgroup,_Z,Not applicable,Y,Calendar and seasonally adjusted,_T,Total,Y_GE15,15 years or over,_Z,Not applicable,A,Annual,2003,,11.49167,,,,A,Normal value,0,Units,1,One
DATAFLOW,OECD.SDD.TPS:DSD_LFS@DF_IALFS_UNE_M(1.0),Monthly unemployment rates,I,ESP,Spain,UNE_LF_M,Monthly unemployment rate,PT_LF_SUB,Percentage of labour force in the same subgroup,_Z,Not applicable,Y,Calendar and seasonally adjusted,_T,Total,Y_GE15,15 years or over,_Z,Not applicable,A,Annual,2004,,10.95833,,,,A,Normal value,0,Units,1,One
DATAFLOW,OECD.SDD.TPS:DSD_LFS@DF_IALFS_UNE_M(1.0),Monthly unemployment rates,I,ESP,Spain,UNE_LF_M,Monthly unemployment rate,PT_LF_SUB,Percentage of labour force in the same subgroup,_Z,Not applicable,Y,Calendar and seasonally adjusted,_T,Total,Y_GE15,15 years or over,_Z,Not applicable,A,Annual,2005,,9.166667,,,,A,Normal value,0,Units,1,One
DATAFLOW,OECD.SDD.TPS:DSD_LFS@DF_IALFS_UNE_M(1.0),Monthly unemployment rates,I,ESP,Spain,UNE_LF_M,Monthly unemployment rate,PT_LF_SUB,Percentage of labour force in the same subgroup,_Z,Not applicable,Y,Calendar and seasonally adjusted,_T,Total,Y_GE15,15 years or over,_Z,Not applicable,A,Annual,2006,,8.458333,,,,A,Normal value,0,Units,1,One
DATAFLOW,OECD.SDD.TPS:DSD_LFS@DF_IALFS_UNE_M(1.0),Monthly unemployment rates,I,ESP,Spain,UNE_LF_M,Monthly unemployment rate,PT_LF_SUB,Percentage of labour force in the same subgroup,_Z,Not applicable,Y,Calendar and seasonally adjusted,_T,Total,Y_GE15,15 years or over,_Z,Not applicable,A,Annual,2007,,8.225,,,,A,Normal value,0,Units,1,One
DATAFLOW,OECD.SDD.TPS:DSD_LFS@DF_IALFS_UNE_M(1.0),Monthly unemployment rates,I,ESP,Spain,UNE_LF_M,Monthly unemployment rate,PT_LF_SUB,Percentage of labour force in the same subgroup,_Z,Not applicable,Y,Calendar and seasonally adjusted,_T,Total,Y_GE15,15 years or over,_Z,Not applicable,A,Annual,2008,,11.26667,,,,A,Normal value,0,Units,1,One
DATAFLOW,OECD.SDD.TPS:DSD_LFS@DF_IALFS_UNE_M(1.0),Monthly unemployment rates,I,ESP,Spain,UNE_LF_M,Monthly unemployment rate,PT_LF_SUB,Percentage of labour force in the same subgroup,_Z,Not applicable,Y,Calendar and seasonally adjusted,_T,Total,Y_GE15,15 years or over,_Z,Not applicable,A,Annual,2009,,17.86667,,,,A,Normal value,0,Units,1,One
DATAFLOW,OECD.SDD.TPS:DSD_LFS@DF_IALFS_UNE_M(1.0),Monthly unemployment rates,I,ESP,Spain,UNE_LF_M,Monthly unemployment rate,PT_LF_SUB,Percentage of labour force in the same subgroup,_Z,Not applicable,Y,Calendar and seasonally adjusted,_T,Total,Y_GE15,15 years or over,_Z,Not applicable,A,Annual,2010,,19.875,,,,A,Normal value,0,Units,1,One
DATAFLOW,OECD.SDD.TPS:DSD_LFS@DF_IALFS_UNE_M(1.0),Monthly unemployment rates,I,ESP,Spain,UNE_LF_M,Monthly unemployment rate,PT_LF_SUB,Percentage of labour force in the same subgroup,_Z,Not applicable,Y,Calendar and seasonally adjusted,_T,Total,Y_GE15,15 years or over,_Z,Not applicable,A,Annual,2011,,21.40833,,,,A,Normal value,0,Units,1,One
DATAFLOW,OECD.SDD.TPS:DSD_LFS@DF_IALFS_UNE_M(1.0),Monthly unemployment rates,I,ESP,Spain,UNE_LF_M,Monthly unemployment rate,PT_LF_SUB,Percentage of labour force in the same subgroup,_Z,Not applicable,Y,Calendar and seasonally adjusted,_T,Total,Y_GE15,15 years or over,_Z,Not applicable,A,Annual,2012,,24.79167,,,,A,Normal value,0,Units,1,One
DATAFLOW,OECD.SDD.TPS:DSD_LFS@DF_IALFS_UNE_M(1.0),Monthly unemployment rates,I,ESP,Spain,UNE_LF_M,Monthly unemployment rate,PT_LF_SUB,Percentage of labour force in the same subgroup,_Z,Not applicable,Y,Calendar and seasonally adjusted,_T,Total,Y_GE15,15 years or over,_Z,Not applicable,A,Annual,2013,,26.11667,,,,A,Normal value,0,Units,1,One
DATAFLOW,OECD.SDD.TPS:DSD_LFS@DF_IALFS_UNE_M(1.0),Monthly unemployment rates,I,ESP,Spain,UNE_LF_M,Monthly unemployment rate,PT_LF_SUB,Percentage of labour force in the same subgroup,_Z,Not applicable,Y,Calendar and seasonally adjusted,_T,Total,Y_GE15,15 years or over,_Z,Not applicable,A,Annual,2014,,24.45,,,,A,Normal value,0,Units,1,One
DATAFLOW,OECD.SDD.TPS:DSD_LFS@DF_IALFS_UNE_M(1.0),Monthly unemployment rates,I,ESP,Spain,UNE_LF_M,Monthly unemployment rate,PT_LF_SUB,Percentage of labour force in the same subgroup,_Z,Not applicable,Y,Calendar and seasonally adjusted,_T,Total,Y_GE15,15 years or over,_Z,Not applicable,A,Annual,2015,,22.075,,,,A,Normal value,0,Units,1,One
DATAFLOW,OECD.SDD.TPS:DSD_LFS@DF_IALFS_UNE_M(1.0),Monthly unemployment rates,I,ESP,Spain,UNE_LF_M,Monthly unemployment rate,PT_LF_SUB,Percentage of labour force in the same subgroup,_Z,Not applicable,Y,Calendar and seasonally adjusted,_T,Total,Y_GE15,15 years or over,_Z,Not applicable,A,Annual,2016,,19.65,,,,A,Normal value,0,Units,1,One
DATAFLOW,OECD.SDD.TPS:DSD_LFS@DF_IALFS_UNE_M(1.0),Monthly unemployment rates,I,ESP,Spain,UNE_LF_M,Monthly unemployment rate,PT_LF_SUB,Percentage of labour force in the same subgroup,_Z,Not applicable,Y,Calendar and seasonally adjusted,_T,Total,Y_GE15,15 years or over,_Z,Not applicable,A,Annual,2017,,17.23333,,,,A,Normal value,0,Units,1,One
DATAFLOW,OECD.SDD.TPS:DSD_LFS@DF_IALFS_UNE_M(1.0),Monthly unemployment rates,I,ESP,Spain,UNE_LF_M,Monthly unemployment rate,PT_LF_SUB,Percentage of labour force in the same subgroup,_Z,Not applicable,Y,Calendar and seasonally adjusted,_T,Total,Y_GE15,15 years or over,_Z,Not applicable,A,Annual,2018,,15.26667,,,,A,Normal value,0,Units,1,One
DATAFLOW,OECD.SDD.TPS:DSD_LFS@DF_IALFS_UNE_M(1.0),Monthly unemployment rates,I,ESP,Spain,UNE_LF_M,Monthly unemployment rate,PT_LF_SUB,Percentage of labour force in the same subgroup,_Z,Not applicable,Y,Calendar and seasonally adjusted,_T,Total,Y_GE15,15 years or over,_Z,Not applicable,A,Annual,2019,,14.10833,,,,A,Normal value,0,Units,1,One
DATAFLOW,OECD.SDD.TPS:DSD_LFS@DF_IALFS_UNE_M(1.0),Monthly unemployment rates,I,ESP,Spain,UNE_LF_M,Monthly unemployment rate,PT_LF_SUB,Percentage of labour force in the same subgroup,_Z,Not applicable,Y,Calendar and seasonally adjusted,_T,Total,Y_GE15,15 years or over,_Z,Not applicable,A,Annual,2020,,15.53333,,,,A,Normal value,0,Units,1,One
DATAFLOW,OECD.SDD.TPS:DSD_LFS@DF_IALFS_UNE_M(1.0),Monthly unemployment rates,I,ESP,Spain,UNE_LF_M,Monthly unemployment rate,PT_LF_SUB,Percentage of labour force in the same subgroup,_Z,Not applicable,Y,Calendar and seasonally adjusted,_T,Total,Y_GE15,15 years or over,_Z,Not applicable,A,Annual,2021,,14.93333,,,,A,Normal value,0,Units,1,One
DATAFLOW,OECD.SDD.TPS:DSD_LFS@DF_IALFS_UNE_M(1.0),Monthly unemployment rates,I,ESP,Spain,UNE_LF_M,Monthly unemployment rate,PT_LF_SUB,Percentage of labour force in the same subgroup,_Z,Not applicable,Y,Calendar and seasonally adjusted,_T,Total,Y_GE15,15 years or over,_Z,Not applicable,A,Annual,2022,,13.03333,,,,A,Normal value,0,Units,1,One
DATAFLOW,OECD.SDD.TPS:DSD_LFS@DF_IALFS_UNE_M(1.0),Monthly unemployment rates,I,ESP,Spain,UNE_LF_M,Monthly unemployment rate,PT_LF_SUB,Percentage of labour force in the same subgroup,_Z,Not applicable,Y,Calendar and seasonally adjusted,_T,Total,Y_GE15,15 years or over,_Z,Not applicable,A,Annual,2023,,12.19167,,,,A,Normal value,0,Units,1,One
DATAFLOW,OECD.SDD.TPS:DSD_LFS@DF_IALFS_UNE_M(1.0),Monthly unemployment rates,I,DEU,Germany,UNE_LF_M,Monthly unemployment rate,PT_LF_SUB,Percentage of labour force in the same subgroup,_Z,Not applicable,Y,Calendar and seasonally adjusted,_T,Total,Y_GE15,15 years or over,_Z,Not applicable,A,Annual,2000,,8.008333,,,,A,Normal value,0,Units,1,One
DATAFLOW,OECD.SDD.TPS:DSD_LFS@DF_IALFS_UNE_M(1.0),Monthly unemployment rates,I,DEU,Germany,UNE_LF_M,Monthly unemployment rate,PT_LF_SUB,Percentage of labour force in the same subgroup,_Z,Not applicable,Y,Calendar and seasonally adjusted,_T,Total,Y_GE15,15 years or over,_Z,Not applicable,A,Annual,2001,,7.858333,,,,A,Normal value,0,Units,1,One
DATAFLOW,OECD.SDD.TPS:DSD_LFS@DF_IALFS_UNE_M(1.0),Monthly unemployment rates,I,DEU,Germany,UNE_LF_M,Monthly unemployment rate,PT_LF_SUB,Percentage of labour force in the same subgroup,_Z,Not applicable,Y,Calendar and seasonally adjusted,_T,Total,Y_GE15,15 years or over,_Z,Not applicable,A,Annual,2002,,8.683333,,,,A,Normal value,0,Units,1,One
DATAFLOW,OECD.SDD.TPS:DSD_LFS@DF_IALFS_UNE_M(1.0),Monthly unemployment rates,I,DEU,Germany,UNE_LF_M,Monthly unemployment rate,PT_LF_SUB,Percentage of labour force in the same subgroup,_Z,Not applicable,Y,Calendar and seasonally adjusted,_T,Total,Y_GE15,15 years or over,_Z,Not applicable,A,Annual,2003,,9.808333,,,,A,Normal value,0,Units,1,One
DATAFLOW,OECD.SDD.TPS:DSD_LFS@DF_IALFS_UNE_M(1.0),Monthly unemployment rates,I,DEU,Germany,UNE_LF_M,Monthly unemployment rate,PT_LF_SUB,Percentage of labour force in the same subgroup,_Z,Not applicable,Y,Calendar and seasonally adjusted,_T,Total,Y_GE15,15 years or over,_Z,Not applicable,A,Annual,2004,,10.5,,,,A,Normal value,0,Units,1,One
DATAFLOW,OECD.SDD.TPS:DSD_LFS@DF_IALFS_UNE_M(1.0),Monthly unemployment rates,I,DEU,Germany,UNE_LF_M,Monthly unemployment rate,PT_LF_SUB,Percentage of labour force in the same subgroup,_Z,Not applicable,Y,Calendar and seasonally adjusted,_T,Total,Y_GE15,15 years or over,_Z,Not applicable,A,Annual,2005,,11.28333,,,,A,Normal value,0,Units,1,One
DATAFLOW,OECD.SDD.TPS:DSD_LFS@DF_IALFS_UNE_M(1.0),Monthly unemployment rates,I,DEU,Germany,UNE_LF_M,Monthly unemployment rate,PT_LF_SUB,Percentage of labour force in the same subgroup,_Z,Not applicable,Y,Calendar and seasonally adjusted,_T,Total,Y_GE15,15 years or over,_Z,Not applicable,A,Annual,2006,,10.275,,,,A,Normal value,0,Units,1,One
DATAFLOW,OECD.SDD.TPS:DSD_LFS@DF_IALFS_UNE_M(1.0),Monthly unemployment rates,I,DEU,Germany,UNE_LF_M,Monthly unemployment rate,PT_LF_SUB,Percentage of labour force in the same subgroup,_Z,Not applicable,Y,Calendar and seasonally adjusted,_T,Total,Y_GE15,15 years or over,_Z,Not applicable,A,Annual,2007,,8.541667,,,,A,Normal value,0,Units,1,One
DATAFLOW,OECD.SDD.TPS:DSD_LFS@DF_IALFS_UNE_M(1.0),Monthly unemployment rates,I,DEU,Germany,UNE_LF_M,Monthly unemployment rate,PT_LF_SUB,Percentage of labour force in the same subgroup,_Z,Not applicable,Y,Calendar and seasonally adjusted,_T,Total,Y_GE15,15 years or over,_Z,Not applicable,A,Annual,2008,,7.425,,,,A,Normal value,0,Units,1,One
DATAFLOW,OECD.SDD.TPS:DSD_LFS@DF_IALFS_UNE_M(1.0),Monthly unemployment rates,I,DEU,Germany,UNE_LF_M,Monthly unemployment rate,PT_LF_SUB,Percentage of labour force in the same subgroup,_Z,Not applicable,Y,Calendar and seasonally adjusted,_T,Total,Y_GE15,15 years or over,_Z,Not applicable,A,Annual,2009,,7.225,,,,A,Normal value,0,Units,1,One
DATAFLOW,OECD.SDD.TPS:DSD_LFS@DF_IALFS_UNE_M(1.0),Monthly unemployment rates,I,DEU,Germany,UNE_LF_M,Monthly unemployment rate,PT_LF_SUB,Percentage of labour force in the same subgroup,_Z,Not applicable,Y,Calendar and seasonally adjusted,_T,Total,Y_GE15,15 years or over,_Z,Not applicable,A,Annual,2010,,6.575,,,,A,Normal value,0,Units,1,One
DATAFLOW,OECD.SDD.TPS:DSD_LFS@DF_IALFS_UNE_M(1.0),Monthly unemployment rates,I,DEU,Germany,UNE_LF_M,Monthly unemployment rate,PT_LF_SUB,Percentage of labour force in the same subgroup,_Z,Not applicable,Y,Calendar and seasonally adjusted,_T,Total,Y_GE15,15 years or over,_Z,Not applicable,A,Annual,2011,,5.516667,,,,A,Normal value,0,Units,1,One
DATAFLOW,OECD.SDD.TPS:DSD_LFS@DF_IALFS_UNE_M(1.0),Monthly unemployment rates,I,DEU,Germany,UNE_LF_M,Monthly unemployment rate,PT_LF_SUB,Percentage of labour force in the same subgroup,_Z,Not applicable,Y,Calendar and seasonally adjusted,_T,Total,Y_GE15,15 years or over,_Z,Not applicable,A,Annual,2012,,5.083333,,,,A,Normal value,0,Units,1,One
DATAFLOW,OECD.SDD.TPS:DSD_LFS@DF_IALFS_UNE_M(1.0),Monthly unemployment rates,I,DEU,Germany,UNE_LF_M,Monthly unemployment rate,PT_LF_SUB,Percentage of labour force in the same subgroup,_Z,Not applicable,Y,Calendar and seasonally adjusted,_T,Total,Y_GE15,15 years or over,_Z,Not applicable,A,Annual,2013,,4.95,,,,A,Normal value,0,Units,1,One
DATAFLOW,OECD.SDD.TPS:DSD_LFS@DF_IALFS_UNE_M(1.0),Monthly unemployment rates,I,DEU,Germany,UNE_LF_M,Monthly unemployment rate,PT_LF_SUB,Percentage of labour force in the same subgroup,_Z,Not applicable,Y,Calendar and seasonally adjusted,_T,Total,Y_GE15,15 years or over,_Z,Not applicable,A,Annual,2014,,4.708333,,,,A,Normal value,0,Units,1,One
DATAFLOW,OECD.SDD.TPS:DSD_LFS@DF_IALFS_UNE_M(1.0),Monthly unemployment rates,I,DEU,Germany,UNE_LF_M,Monthly unemployment rate,PT_LF_SUB,Percentage of labour force in the same subgroup,_Z,Not applicable,Y,Calendar and seasonally adjusted,_T,Total,Y_GE15,15 years or over,_Z,Not applicable,A,Annual,2015,,4.366667,,,,A,Normal value,0,Units,1,One
DATAFLOW,OECD.SDD.TPS:DSD_LFS@DF_IALFS_UNE_M(1.0),Monthly unemployment rates,I,DEU,Germany,UNE_LF_M,Monthly unemployment rate,PT_LF_SUB,Percentage of labour force in the same subgroup,_Z,Not applicable,Y,Calendar and seasonally adjusted,_T,Total,Y_GE15,15 years or over,_Z,Not applicable,A,Annual,2016,,3.908333,,,,A,Normal value,0,Units,1,One
DATAFLOW,OECD.SDD.TPS:DSD_LFS@DF_IALFS_UNE_M(1.0),Monthly unemployment rates,I,DEU,Germany,UNE_LF_M,Monthly unemployment rate,PT_LF_SUB,Percentage of labour force in the same subgroup,_Z,Not applicable,Y,Calendar and seasonally adjusted,_T,Total,Y_GE15,15 years or over,_Z,Not applicable,A,Annual,2017,,3.566667,,,,A,Normal value,0,Units,1,One
DATAFLOW,OECD.SDD.TPS:DSD_LFS@DF_IALFS_UNE_M(1.0),Monthly unemployment rates,I,DEU,Germany,UNE_LF_M,Monthly unemployment rate,PT_LF_SUB,Percentage of labour force in the same subgroup,_Z,Not applicable,Y,Calendar and seasonally adjusted,_T,Total,Y_GE15,15 years or over,_Z,Not applicable,A,Annual,2018,,3.208333,,,,A,Normal value,0,Units,1,One
DATAFLOW,OECD.SDD.TPS:DSD_LFS@DF_IALFS_UNE_M(1.0),Monthly unemployment rates,I,DEU,Germany,UNE_LF_M,Monthly unemployment rate,PT_LF_SUB,Percentage of labour force in the same subgroup,_Z,Not applicable,Y,Calendar and seasonally adjusted,_T,Total,Y_GE15,15 years or over,_Z,Not applicable,A,Annual,2019,,2.975,,,,A,Normal value,0,Units,1,One
DATAFLOW,OECD.SDD.TPS:DSD_LFS@DF_IALFS_UNE_M(1.0),Monthly unemployment rates,I,DEU,Germany,UNE_LF_M,Monthly unemployment rate,PT_LF_SUB,Percentage of labour force in the same subgroup,_Z,Not applicable,Y,Calendar and seasonally adjusted,_T,Total,Y_GE15,15 years or over,_Z,Not applicable,A,Annual,2020,,3.625,,,,A,Normal value,0,Units,1,One
DATAFLOW,OECD.SDD.TPS:DSD_LFS@DF_IALFS_UNE_M(1.0),Monthly unemployment rates,I,DEU,Germany,UNE_LF_M,Monthly unemployment rate,PT_LF_SUB,Percentage of labour force in the same subgroup,_Z,Not applicable,Y,Calendar and seasonally adjusted,_T,Total,Y_GE15,15 years or over,_Z,Not applicable,A,Annual,2021,,3.575,,,,A,Normal value,0,Units,1,One
DATAFLOW,OECD.SDD.TPS:DSD_LFS@DF_IALFS_UNE_M(1.0),Monthly unemployment rates,I,DEU,Germany,UNE_LF_M,Monthly unemployment rate,PT_LF_SUB,Percentage of labour force in the same subgroup,_Z,Not applicable,Y,Calendar and seasonally adjusted,_T,Total,Y_GE15,15 years or over,_Z,Not applicable,A,Annual,2022,,3.066667,,,,A,Normal value,0,Units,1,One
DATAFLOW,OECD.SDD.TPS:DSD_LFS@DF_IALFS_UNE_M(1.0),Monthly unemployment rates,I,DEU,Germany,UNE_LF_M,Monthly unemployment rate,PT_LF_SUB,Percentage of labour force in the same subgroup,_Z,Not applicable,Y,Calendar and seasonally adjusted,_T,Total,Y_GE15,15 years or over,_Z,Not applicable,A,Annual,2023,,3.025,,,,A,Normal value,0,Units,1,One
DATAFLOW,OECD.SDD.TPS:DSD_LFS@DF_IALFS_UNE_M(1.0),Monthly unemployment rates,I,ITA,Italy,UNE_LF_M,Monthly unemployment rate,PT_LF_SUB,Percentage of labour force in the same subgroup,_Z,Not applicable,Y,Calendar and seasonally adjusted,_T,Total,Y_GE15,15 years or over,_Z,Not applicable,A,Annual,2000,,10.05,,,,A,Normal value,0,Units,1,One
DATAFLOW,OECD.SDD.TPS:DSD_LFS@DF_IALFS_UNE_M(1.0),Monthly unemployment rates,I,ITA,Italy,UNE_LF_M,Monthly unemployment rate,PT_LF_SUB,Percentage of labour force in the same subgroup,_Z,Not applicable,Y,Calendar and seasonally adjusted,_T,Total,Y_GE15,15 years or over,_Z,Not applicable,A,Annual,2001,,9.008333,,,,A,Normal value,0,Units,1,One
DATAFLOW,OECD.SDD.TPS:DSD_LFS@DF_IALFS_UNE_M(1.0),Monthly unemployment rates,I,ITA,Italy,UNE_LF_M,Monthly unemployment rate,PT_LF_SUB,Percentage of labour force in the same subgroup,_Z,Not applicable,Y,Calendar and seasonally adjusted,_T,Total,Y_GE15,15 years or over,_Z,Not applicable,A,Annual,2002,,8.475,,,,A,Normal value,0,Units,1,One
DATAFLOW,OECD.SDD.TPS:DSD_LFS@DF_IALFS_UNE_M(1.0),Monthly unemployment rates,I,ITA,Italy,UNE_LF_M,Monthly unemployment rate,PT_LF_SUB,Percentage of labour force in the same subgroup,_Z,Not applicable,Y,Calendar and seasonally adjusted,_T,Total,Y_GE15,15 years or over,_Z,Not applicable,A,Annual,2003,,8.433333,,,,B,Time series break,0,Units,1,One
DATAFLOW,OECD.SDD.TPS:DSD_LFS@DF_IALFS_UNE_M(1.0),Monthly unemployment rates,I,ITA,Italy,UNE_LF_M,Monthly unemployment rate,PT_LF_SUB,Percentage of labour force in the same subgroup,_Z,Not applicable,Y,Calendar and seasonally adjusted,_T,Total,Y_GE15,15 years or over,_Z,Not applicable,A,Annual,2004,,8.05,,,,A,Normal value,0,Units,1,One
DATAFLOW,OECD.SDD.TPS:DSD_LFS@DF_IALFS_UNE_M(1.0),Monthly unemployment rates,I,ITA,Italy,UNE_LF_M,Monthly unemployment rate,PT_LF_SUB,Percentage of labour force in the same subgroup,_Z,Not applicable,Y,Calendar and seasonally adjusted,_T,Total,Y_GE15,15 years or over,_Z,Not applicable,A,Annual,2005,,7.783333,,,,A,Normal value,0,Units,1,One
DATAFLOW,OECD.SDD.TPS:DSD_LFS@DF_IALFS_UNE_M(1.0),Monthly unemployment rates,I,ITA,Italy,UNE_LF_M,Monthly unemployment rate,PT_LF_SUB,Percentage of labour force in the same subgroup,_Z,Not applicable,Y,Calendar and seasonally adjusted,_T,Total,Y_GE15,15 years or over,_Z,Not applicable,A,Annual,2006,,6.866667,,,,A,Normal value,0,Units,1,One
DATAFLOW,OECD.SDD.TPS:DSD_LFS@DF_IALFS_UNE_M(1.0),Monthly unemployment rates,I,ITA,Italy,UNE_LF_M,Monthly unemployment rate,PT_LF_SUB,Percentage of labour force in the same subgroup,_Z,Not applicable,Y,Calendar and seasonally adjusted,_T,Total,Y_GE15,15 years or over,_Z,Not applicable,A,Annual,2007,,6.15,,,,A,Normal value,0,Units,1,One
DATAFLOW,OECD.SDD.TPS:DSD_LFS@DF_IALFS_UNE_M(1.0),Monthly unemployment rates,I,ITA,Italy,UNE_LF_M,Monthly unemployment rate,PT_LF_SUB,Percentage of labour force in the same subgroup,_Z,Not applicable,Y,Calendar and seasonally adjusted,_T,Total,Y_GE15,15 years or over,_Z,Not applicable,A,Annual,2008,,6.775,,,,A,Normal value,0,Units,1,One
DATAFLOW,OECD.SDD.TPS:DSD_LFS@DF_IALFS_UNE_M(1.0),Monthly unemployment rates,I,ITA,Italy,UNE_LF_M,Monthly unemployment rate,PT_LF_SUB,Percentage of labour force in the same subgroup,_Z,Not applicable,Y,Calendar and seasonally adjusted,_T,Total,Y_GE15,15 years or over,_Z,Not applicable,A,Annual,2009,,7.875,,,,A,Normal value,0,Units,1,One
DATAFLOW,OECD.SDD.TPS:DSD_LFS@DF_IALFS_UNE_M(1.0),Monthly unemployment rates,I,ITA,Italy,UNE_LF_M,Monthly unemployment rate,PT_LF_SUB,Percentage of labour force in the same subgroup,_Z,Not applicable,Y,Calendar and seasonally adjusted,_T,Total,Y_GE15,15 years or over,_Z,Not applicable,A,Annual,2010,,8.541667,,,,A,Normal value,0,Units,1,One
DATAFLOW,OECD.SDD.TPS:DSD_LFS@DF_IALFS_UNE_M(1.0),Monthly unemployment rates,I,ITA,Italy,UNE_LF_M,Monthly unemployment rate,PT_LF_SUB,Percentage of labour force in the same subgroup,_Z,Not applicable,Y,Calendar and seasonally adjusted,_T,Total,Y_GE15,15 years or over,_Z,Not applicable,A,Annual,2011,,8.508333,,,,A,Normal value,0,Units,1,One
DATAFLOW,OECD.SDD.TPS:DSD_LFS@DF_IALFS_UNE_M(1.0),Monthly unemployment rates,I,ITA,Italy,UNE_LF_M,Monthly unemployment rate,PT_LF_SUB,Percentage of labour force in the same subgroup,_Z,Not applicable,Y,Calendar and seasonally adjusted,_T,Total,Y_GE15,15 years or over,_Z,Not applicable,A,Annual,2012,,10.88333,,,,A,Normal value,0,Units,1,One
DATAFLOW,OECD.SDD.TPS:DSD_LFS@DF_IALFS_UNE_M(1.0),Monthly unemployment rates,I,ITA,Italy,UNE_LF_M,Monthly unemployment rate,PT_LF_SUB,Percentage of labour force in the same subgroup,_Z,Not applicable,Y,Calendar and seasonally adjusted,_T,Total,Y_GE15,15 years or over,_Z,Not applicable,A,Annual,2013,,12.36667,,,,A,Normal value,0,Units,1,One
DATAFLOW,OECD.SDD.TPS:DSD_LFS@DF_IALFS_UNE_M(1.0),Monthly unemployment rates,I,ITA,Italy,UNE_LF_M,Monthly unemployment rate,PT_LF_SUB,Percentage of labour force in the same subgroup,_Z,Not applicable,Y,Calendar and seasonally adjusted,_T,Total,Y_GE15,15 years or over,_Z,Not applicable,A,Annual,2014,,12.825,,,,A,Normal value,0,Units,1,One
DATAFLOW,OECD.SDD.TPS:DSD_LFS@DF_IALFS_UNE_M(1.0),Monthly unemployment rates,I,ITA,Italy,UNE_LF_M,Monthly unemployment rate,PT_LF_SUB,Percentage of labour force in the same subgroup,_Z,Not applicable,Y,Calendar and seasonally adjusted,_T,Total,Y_GE15,15 years or over,_Z,Not applicable,A,Annual,2015,,12,,,,A,Normal value,0,Units,1,One
DATAFLOW,OECD.SDD.TPS:DSD_LFS@DF_IALFS_UNE_M(1.0),Monthly unemployment rates,I,ITA,Italy,UNE_LF_M,Monthly unemployment rate,PT_LF_SUB,Percentage of labour force in the same subgroup,_Z,Not applicable,Y,Calendar and seasonally adjusted,_T,Total,Y_GE15,15 years or over,_Z,Not applicable,A,Annual,2016,,11.75,,,,A,Normal value,0,Units,1,One
DATAFLOW,OECD.SDD.TPS:DSD_LFS@DF_IALFS_UNE_M(1.0),Monthly unemployment rates,I,ITA,Italy,UNE_LF_M,Monthly unemployment rate,PT_LF_SUB,Percentage of labour force in the same subgroup,_Z,Not applicable,Y,Calendar and seasonally adjusted,_T,Total,Y_GE15,15 years or over,_Z,Not applicable,A,Annual,2017,,11.25833,,,,A,Normal value,0,Units,1,One
DATAFLOW,OECD.SDD.TPS:DSD_LFS@DF_IALFS_UNE_M(1.0),Monthly unemployment rates,I,ITA,Italy,UNE_LF_M,Monthly unemployment rate,PT_LF_SUB,Percentage of labour force in the same subgroup,_Z,Not applicable,Y,Calendar and seasonally adjusted,_T,Total,Y_GE15,15 years or over,_Z,Not applicable,A,Annual,2018,,10.6,,,,A,Normal value,0,Units,1,One
DATAFLOW,OECD.SDD.TPS:DSD_LFS@DF_IALFS_UNE_M(1.0),Monthly unemployment rates,I,ITA,Italy,UNE_LF_M,Monthly unemployment rate,PT_LF_SUB,Percentage of labour force in the same subgroup,_Z,Not applicable,Y,Calendar and seasonally adjusted,_T,Total,Y_GE15,15 years or over,_Z,Not applicable,A,Annual,2019,,9.933333,,,,A,Normal value,0,Units,1,One
DATAFLOW,OECD.SDD.TPS:DSD_LFS@DF_IALFS_UNE_M(1.0),Monthly unemployment rates,I,ITA,Italy,UNE_LF_M,Monthly unemployment rate,PT_LF_SUB,Percentage of labour force in the same subgroup,_Z,Not applicable,Y,Calendar and seasonally adjusted,_T,Total,Y_GE15,15 years or over,_Z,Not applicable,A,Annual,2020,,9.3,,,,A,Normal value,0,Units,1,One
DATAFLOW,OECD.SDD.TPS:DSD_LFS@DF_IALFS_UNE_M(1.0),Monthly unemployment rates,I,ITA,Italy,UNE_LF_M,Monthly unemployment rate,PT_LF_SUB,Percentage of labour force in the same subgroup,_Z,Not applicable,Y,Calendar and seasonally adjusted,_T,Total,Y_GE15,15 years or over,_Z,Not applicable,A,Annual,2021,,9.558333,,,,A,Normal value,0,Units,1,One
DATAFLOW,OECD.SDD.TPS:DSD_LFS@DF_IALFS_UNE_M(1.0),Monthly unemployment rates,I,ITA,Italy,UNE_LF_M,Monthly unemployment rate,PT_LF_SUB,Percentage of labour force in the same subgroup,_Z,Not applicable,Y,Calendar and seasonally adjusted,_T,Total,Y_GE15,15 years or over,_Z,Not applicable,A,Annual,2022,,8.075,,,,A,Normal value,0,Units,1,One
DATAFLOW,OECD.SDD.TPS:DSD_LFS@DF_IALFS_UNE_M(1.0),Monthly unemployment rates,I,ITA,Italy,UNE_LF_M,Monthly unemployment rate,PT_LF_SUB,Percentage of labour force in the same subgroup,_Z,Not applicable,Y,Calendar and seasonally adjusted,_T,Total,Y_GE15,15 years or over,_Z,Not applicable,A,Annual,2023,,7.666667,,,,A,Normal value,0,Units,1,One
DATAFLOW,OECD.SDD.TPS:DSD_LFS@DF_IALFS_UNE_M(1.0),Monthly unemployment rates,I,JPN,Japan,UNE_LF_M,Monthly unemployment rate,PT_LF_SUB,Percentage of labour force in the same subgroup,_Z,Not applicable,Y,Calendar and seasonally adjusted,_T,Total,Y_GE15,15 years or over,_Z,Not applicable,A,Annual,2000,,4.716667,,,,A,Normal value,0,Units,1,One
DATAFLOW,OECD.SDD.TPS:DSD_LFS@DF_IALFS_UNE_M(1.0),Monthly unemployment rates,I,JPN,Japan,UNE_LF_M,Monthly unemployment rate,PT_LF_SUB,Percentage of labour force in the same subgroup,_Z,Not applicable,Y,Calendar and seasonally adjusted,_T,Total,Y_GE15,15 years or over,_Z,Not applicable,A,Annual,2001,,5.033333,,,,A,Normal value,0,Units,1,One
DATAFLOW,OECD.SDD.TPS:DSD_LFS@DF_IALFS_UNE_M(1.0),Monthly unemployment rates,I,JPN,Japan,UNE_LF_M,Monthly unemployment rate,PT_LF_SUB,Percentage of labour force in the same subgroup,_Z,Not applicable,Y,Calendar and seasonally adjusted,_T,Total,Y_GE15,15 years or over,_Z,Not applicable,A,Annual,2002,,5.375,,,,A,Normal value,0,Units,1,One
DATAFLOW,OECD.SDD.TPS:DSD_LFS@DF_IALFS_UNE_M(1.0),Monthly unemployment rates,I,JPN,Japan,UNE_LF_M,Monthly unemployment rate,PT_LF_SUB,Percentage of labour force in the same subgroup,_Z,Not applicable,Y,Calendar and seasonally adjusted,_T,Total,Y_GE15,15 years or over,_Z,Not applicable,A,Annual,2003,,5.258333,,,,A,Normal value,0,Units,1,One
DATAFLOW,OECD.SDD.TPS:DSD_LFS@DF_IALFS_UNE_M(1.0),Monthly unemployment rates,I,JPN,Japan,UNE_LF_M,Monthly unemployment rate,PT_LF_SUB,Percentage of labour force in the same subgroup,_Z,Not applicable,Y,Calendar and seasonally adjusted,_T,Total,Y_GE15,15 years or over,_Z,Not applicable,A,Annual,2004,,4.716667,,,,A,Normal value,0,Units,1,One
DATAFLOW,OECD.SDD.TPS:DSD_LFS@DF_IALFS_UNE_M(1.0),Monthly unemployment rates,I,JPN,Japan,UNE_LF_M,Monthly unemployment rate,PT_LF_SUB,Percentage of labour force in the same subgroup,_Z,Not applicable,Y,Calendar and seasonally adjusted,_T,Total,Y_GE15,15 years or over,_Z,Not applicable,A,Annual,2005,,4.425,,,,A,Normal value,0,Units,1,One
DATAFLOW,OECD.SDD.TPS:DSD_LFS@DF_IALFS_UNE_M(1.0),Monthly unemployment rates,I,JPN,Japan,UNE_LF_M,Monthly unemployment rate,PT_LF_SUB,Percentage of labour force in the same subgroup,_Z,Not applicable,Y,Calendar and seasonally adjusted,_T,Total,Y_GE15,15 years or over,_Z,Not applicable,A,Annual,2006,,4.141667,,,,A,Normal value,0,Units,1,One
DATAFLOW,OECD.SDD.TPS:DSD_LFS@DF_IALFS_UNE_M(1.0),Monthly unemployment rates,I,JPN,Japan,UNE_LF_M,Monthly unemployment rate,PT_LF_SUB,Percentage of labour force in the same subgroup,_Z,Not applicable,Y,Calendar and seasonally adjusted,_T,Total,Y_GE15,15 years or over,_Z,Not applicable,A,Annual,2007,,3.841667,,,,A,Normal value,0,Units,1,One
DATAFLOW,OECD.SDD.TPS:DSD_LFS@DF_IALFS_UNE_M(1.0),Monthly unemployment rates,I,JPN,Japan,UNE_LF_M,Monthly unemployment rate,PT_LF_SUB,Percentage of labour force in the same subgroup,_Z,Not applicable,Y,Calendar and seasonally adjusted,_T,Total,Y_GE15,15 years or over,_Z,Not applicable,A,Annual,2008,,3.991667,,,,A,Normal value,0,Units,1,One
DATAFLOW,OECD.SDD.TPS:DSD_LFS@DF_IALFS_UNE_M(1.0),Monthly unemployment rates,I,JPN,Japan,UNE_LF_M,Monthly unemployment rate,PT_LF_SUB,Percentage of labour force in the same subgroup,_Z,Not applicable,Y,Calendar and seasonally adjusted,_T,Total,Y_GE15,15 years or over,_Z,Not applicable,A,Annual,2009,,5.066667,,,,A,Normal value,0,Units,1,One
DATAFLOW,OECD.SDD.TPS:DSD_LFS@DF_IALFS_UNE_M(1.0),Monthly unemployment rates,I,JPN,Japan,UNE_LF_M,Monthly unemployment rate,PT_LF_SUB,Percentage of labour force in the same subgroup,_Z,Not applicable,Y,Calendar and seasonally adjusted,_T,Total,Y_GE15,15 years or over,_Z,Not applicable,A,Annual,2010,,5.05,,,,A,Normal value,0,Units,1,One
DATAFLOW,OECD.SDD.TPS:DSD_LFS@DF_IALFS_UNE_M(1.0),Monthly unemployment rates,I,JPN,Japan,UNE_LF_M,Monthly unemployment rate,PT_LF_SUB,Percentage of labour force in the same subgroup,_Z,Not applicable,Y,Calendar and seasonally adjusted,_T,Total,Y_GE15,15 years or over,_Z,Not applicable,A,Annual,2011,,4.583333,,,,A,Normal value,0,Units,1,One
DATAFLOW,OECD.SDD.TPS:DSD_LFS@DF_IALFS_UNE_M(1.0),Monthly unemployment rates,I,JPN,Japan,UNE_LF_M,Monthly unemployment rate,PT_LF_SUB,Percentage of labour force in the same subgroup,_Z,Not applicable,Y,Calendar and seasonally adjusted,_T,Total,Y_GE15,15 years or over,_Z,Not applicable,A,Annual,2012,,4.35,,,,A,Normal value,0,Units,1,One
DATAFLOW,OECD.SDD.TPS:DSD_LFS@DF_IALFS_UNE_M(1.0),Monthly unemployment rates,I,JPN,Japan,UNE_LF_M,Monthly unemployment rate,PT_LF_SUB,Percentage of labour force in the same subgroup,_Z,Not applicable,Y,Calendar and seasonally adjusted,_T,Total,Y_GE15,15 years or over,_Z,Not applicable,A,Annual,2013,,4.025,,,,A,Normal value,0,Units,1,One
DATAFLOW,OECD.SDD.TPS:DSD_LFS@DF_IALFS_UNE_M(1.0),Monthly unemployment rates,I,JPN,Japan,UNE_LF_M,Monthly unemployment rate,PT_LF_SUB,Percentage of labour force in the same subgroup,_Z,Not applicable,Y,Calendar and seasonally adjusted,_T,Total,Y_GE15,15 years or over,_Z,Not applicable,A,Annual,2014,,3.591667,,,,A,Normal value,0,Units,1,One
DATAFLOW,OECD.SDD.TPS:DSD_LFS@DF_IALFS_UNE_M(1.0),Monthly unemployment rates,I,JPN,Japan,UNE_LF_M,Monthly unemployment rate,PT_LF_SUB,Percentage of labour force in the same subgroup,_Z,Not applicable,Y,Calendar and seasonally adjusted,_T,Total,Y_GE15,15 years or over,_Z,Not applicable,A,Annual,2015,,3.375,,,,A,Normal value,0,Units,1,One
DATAFLOW,OECD.SDD.TPS:DSD_LFS@DF_IALFS_UNE_M(1.0),Monthly unemployment rates,I,JPN,Japan,UNE_LF_M,Monthly unemployment rate,PT_LF_SUB,Percentage of labour force in the same subgroup,_Z,Not applicable,Y,Calendar and seasonally adjusted,_T,Total,Y_GE15,15 years or over,_Z,Not applicable,A,Annual,2016,,3.116667,,,,A,Normal value,0,Units,1,One
DATAFLOW,OECD.SDD.TPS:DSD_LFS@DF_IALFS_UNE_M(1.0),Monthly unemployment rates,I,JPN,Japan,UNE_LF_M,Monthly unemployment rate,PT_LF_SUB,Percentage of labour force in the same subgroup,_Z,Not applicable,Y,Calendar and seasonally adjusted,_T,Total,Y_GE15,15 years or over,_Z,Not applicable,A,Annual,2017,,2.808333,,,,A,Normal value,0,Units,1,One
DATAFLOW,OECD.SDD.TPS:DSD_LFS@DF_IALFS_UNE_M(1.0),Monthly unemployment rates,I,JPN,Japan,UNE_LF_M,Monthly unemployment rate,PT_LF_SUB,Percentage of labour force in the same subgroup,_Z,Not applicable,Y,Calendar and seasonally adjusted,_T,Total,Y_GE15,15 years or over,_Z,Not applicable,A,Annual,2018,,2.441667,,,,A,Normal value,0,Units,1,One
DATAFLOW,OECD.SDD.TPS:DSD_LFS@DF_IALFS_UNE_M(1.0),Monthly unemployment rates,I,JPN,Japan,UNE_LF_M,Monthly unemployment rate,PT_LF_SUB,Percentage of labour force in the same subgroup,_Z,Not applicable,Y,Calendar and seasonally adjusted,_T,Total,Y_GE15,15 years or over,_Z,Not applicable,A,Annual,2019,,2.35,,,,A,Normal value,0,Units,1,One
DATAFLOW,OECD.SDD.TPS:DSD_LFS@DF_IALFS_UNE_M(1.0),Monthly unemployment rates,I,JPN,Japan,UNE_LF_M,Monthly unemployment rate,PT_LF_SUB,Percentage of labour force in the same subgroup,_Z,Not applicable,Y,Calendar and seasonally adjusted,_T,Total,Y_GE15,15 years or over,_Z,Not applicable,A,Annual,2020,,2.775,,,,A,Normal value,0,Units,1,One
DATAFLOW,OECD.SDD.TPS:DSD_LFS@DF_IALFS_UNE_M(1.0),Monthly unemployment rates,I,JPN,Japan,UNE_LF_M,Monthly unemployment rate,PT_LF_SUB,Percentage of labour force in the same subgroup,_Z,Not applicable,Y,Calendar and seasonally adjusted,_T,Total,Y_GE15,15 years or over,_Z,Not applicable,A,Annual,2021,,2.816667,,,,A,Normal value,0,Units,1,One
DATAFLOW,OECD.SDD.TPS:DSD_LFS@DF_IALFS_UNE_M(1.0),Monthly unemployment rates,I,JPN,Japan,UNE_LF_M,Monthly unemployment rate,PT_LF_SUB,Percentage of labour force in the same subgroup,_Z,Not applicable,Y,Calendar and seasonally adjusted,_T,Total,Y_GE15,15 years or over,_Z,Not applicable,A,Annual,2022,,2.6,,,,A,Normal value,0,Units,1,One
DATAFLOW,OECD.SDD.TPS:DSD_LFS@DF_IALFS_UNE_M(1.0),Monthly unemployment rates,I,JPN,Japan,UNE_LF_M,Monthly unemployment rate,PT_LF_SUB,Percentage of labour force in the same subgroup,_Z,Not applicable,Y,Calendar and seasonally adjusted,_T,Total,Y_GE15,15 years or over,_Z,Not applicable,A,Annual,2023,,2.566667,,,,A,Normal value,0,Units,1,One
